"Longitude (x)","Latitude (y)","Station Name","Climate ID","Date/Time","Year","Month","Day","Data Quality","Max Temp (°C)","Max Temp Flag","Min Temp (°C)","Min Temp Flag","Mean Temp (°C)","Mean Temp Flag","Heat Deg Days (°C)","Heat Deg Days Flag","Cool Deg Days (°C)","Cool Deg Days Flag","Total Rain (mm)","Total Rain Flag","Total Snow (cm)","Total Snow Flag","Total Precip (mm)","Total Precip Flag","Snow on Grnd (cm)","Snow on Grnd Flag","Dir of Max Gust (10s deg)","Dir of Max Gust Flag","Spd of Max Gust (km/h)","Spd of Max Gust Flag"
"-84.51","46.49","SAULT STE MARIE A","6057591","2024-01-01","2024","01","01","","-1.2","","-7.7","","-4.5","","22.5","","0.0","","0.0","","0.0","T","0.0","T","0","T","25","","33",""
"-84.51","46.49","SAULT STE MARIE A","6057591","2024-01-02","2024","01","02","","-0.1","","-2.9","","-1.5","","19.5","","0.0","","0.0","","0.2","","0.2","","0","T","24","","40",""
"-84.51","46.49","SAULT STE MARIE A","6057591","2024-01-03","2024","01","03","","0.6","","-11.9","","-5.7","","23.7","","0.0","","0.0","","1.0","","0.8","","0","T","27","","55",""
"-84.51","46.49","SAULT STE MARIE A","6057591","2024-01-04","2024","01","04","","-3.0","","-11.4","","-7.2","","25.2","","0.0","","0.0","","2.0","","1.4","","1","","30","","49",""
"-84.51","46.49","SAULT STE MARIE A","6057591","2024-01-05","2024","01","05","","-3.7","","-6.8","","-5.3","","23.3","","0.0","","0.0","","0.0","T","0.0","T","2","","27","","50",""
"-84.51","46.49","SAULT STE MARIE A","6057591","2024-01-06","2024","01","06","","-3.7","","-5.6","","-4.7","","22.7","","0.0","","0.0","","4.2","","4.2","","2","","7","","36",""
"-84.51","46.49","SAULT STE MARIE A","6057591","2024-01-07","2024","01","07","","0.8","","-6.5","","-2.9","","20.9","","0.0","","0.0","","2.6","","2.6","","5","","28","","47",""
"-84.51","46.49","SAULT STE MARIE A","6057591","2024-01-08","2024","01","08","","-2.2","","-3.3","","-2.8","","20.8","","0.0","","0.0","","0.0","T","0.0","T","6","","29","","34",""
"-84.51","46.49","SAULT STE MARIE A","6057591","2024-01-09","2024","01","09","","-0.5","","-5.2","","-2.9","","20.9","","0.0","","0.0","","5.6","","5.0","","6","","8","","44",""
"-84.51","46.49","SAULT STE MARIE A","6057591","2024-01-10","2024","01","10","","-3.3","","-8.9","","-6.1","","24.1","","0.0","","0.0","","1.6","","1.0","","11","","33","","48",""
"-84.51","46.49","SAULT STE MARIE A","6057591","2024-01-11","2024","01","11","","-4.2","","-9.3","","-6.8","","24.8","","0.0","","0.0","","0.0","T","0.0","T","11","","","M","","M"
"-84.51","46.49","SAULT STE MARIE A","6057591","2024-01-12","2024","01","12","","-4.9","","-8.7","","-6.8","","24.8","","0.0","","0.0","","1.4","","1.0","","11","","6","","69",""
"-84.51","46.49","SAULT STE MARIE A","6057591","2024-01-13","2024","01","13","","-7.9","","-13.8","","-10.9","","28.9","","0.0","","0.0","","8.8","","6.0","","13","","5","","62",""
"-84.51","46.49","SAULT STE MARIE A","6057591","2024-01-14","2024","01","14","","-5.8","","-13.8","","-9.8","","27.8","","0.0","","0.5","","7.2","","5.9","","21","","28","","60",""
"-84.51","46.49","SAULT STE MARIE A","6057591","2024-01-15","2024","01","15","","-9.3","","-14.6","","-12.0","","30.0","","0.0","","0.0","","0.0","T","0.0","T","22","","21","","43",""
"-84.51","46.49","SAULT STE MARIE A","6057591","2024-01-16","2024","01","16","","-12.2","","-18.1","","-15.2","","33.2","","0.0","","0.0","","0.0","T","0.0","T","19","","25","","41",""
"-84.51","46.49","SAULT STE MARIE A","6057591","2024-01-17","2024","01","17","","-8.5","","-16.7","","-12.6","","30.6","","0.0","","0.0","","0.0","T","0.0","T","19","","25","","44",""
"-84.51","46.49","SAULT STE MARIE A","6057591","2024-01-18","2024","01","18","","-9.5","","-16.4","","-13.0","","31.0","","0.0","","0.0","","0.2","","0.2","","18","","23","","35",""
"-84.51","46.49","SAULT STE MARIE A","6057591","2024-01-19","2024","01","19","","-12.6","","-22.4","","-17.5","","35.5","","0.0","","0.0","","0.4","","0.2","","18","","1","","40",""
"-84.51","46.49","SAULT STE MARIE A","6057591","2024-01-20","2024","01","20","","-4.4","","-15.0","","-9.7","","27.7","","0.0","","0.0","","1.2","","0.6","","19","","31","","45",""
"-84.51","46.49","SAULT STE MARIE A","6057591","2024-01-21","2024","01","21","","-2.3","","-14.5","","-8.4","","26.4","","0.0","","0.0","","2.2","","1.2","","20","","21","","48",""
"-84.51","46.49","SAULT STE MARIE A","6057591","2024-01-22","2024","01","22","","-1.6","","-2.7","","-2.2","","20.2","","0.0","","0.0","","0.0","T","0.0","T","20","","24","","35",""
"-84.51","46.49","SAULT STE MARIE A","6057591","2024-01-23","2024","01","23","","-1.9","","-4.5","","-3.2","","21.2","","0.0","","0.0","","0.0","T","0.0","T","18","","7","","31",""
"-84.51","46.49","SAULT STE MARIE A","6057591","2024-01-24","2024","01","24","","-1.4","","-4.7","","-3.1","","21.1","","0.0","","0.0","","0.0","T","0.0","T","16","","","M","","M"
"-84.51","46.49","SAULT STE MARIE A","6057591","2024-01-25","2024","01","25","","1.6","","-1.4","","0.1","","17.9","","0.0","","0.0","","0.0","T","0.0","T","15","","","M","","M"
"-84.51","46.49","SAULT STE MARIE A","6057591","2024-01-26","2024","01","26","","1.9","","0.2","","1.1","","16.9","","0.0","","0.0","T","0.0","","0.0","T","13","","","M","","M"
"-84.51","46.49","SAULT STE MARIE A","6057591","2024-01-27","2024","01","27","","3.5","","0.2","","1.9","","16.1","","0.0","","0.2","","0.0","","0.2","","13","","","M","","M"
"-84.51","46.49","SAULT STE MARIE A","6057591","2024-01-28","2024","01","28","","1.8","","-1.5","","0.2","","17.8","","0.0","","0.0","","0.6","","0.6","","9","","32","","33",""
"-84.51","46.49","SAULT STE MARIE A","6057591","2024-01-29","2024","01","29","","2.2","","-1.0","","0.6","","17.4","","0.0","","0.0","","3.4","","3.2","","9","","","M","","M"
"-84.51","46.49","SAULT STE MARIE A","6057591","2024-01-30","2024","01","30","","1.4","","0.0","","0.7","","17.3","","0.0","","0.0","","2.8","","2.8","","15","","","M","","M"
"-84.51","46.49","SAULT STE MARIE A","6057591","2024-01-31","2024","01","31","","2.3","","-1.9","","0.2","","17.8","","0.0","","0.0","","0.0","","0.0","","13","","21","","37",""
"-84.51","46.49","SAULT STE MARIE A","6057591","2024-02-01","2024","02","01","","4.7","","-6.8","","-1.1","","19.1","","0.0","","0.0","","0.0","","0.0","","9","","4","","33",""
"-84.51","46.49","SAULT STE MARIE A","6057591","2024-02-02","2024","02","02","","1.8","","-10.3","","-4.3","","22.3","","0.0","","0.0","","0.0","","0.0","","3","","","M","","M"
"-84.51","46.49","SAULT STE MARIE A","6057591","2024-02-03","2024","02","03","","0.3","","-9.2","","-4.5","","22.5","","0.0","","0.0","","0.0","T","0.0","T","1","","","M","","M"
"-84.51","46.49","SAULT STE MARIE A","6057591","2024-02-04","2024","02","04","","0.4","","-4.8","","-2.2","","20.2","","0.0","","0.0","","0.0","T","0.0","T","1","","32","","32",""
"-84.51","46.49","SAULT STE MARIE A","6057591","2024-02-05","2024","02","05","","3.2","","-3.3","","-0.1","","18.1","","0.0","","0.0","","0.0","","0.0","","1","","","M","","M"
"-84.51","46.49","SAULT STE MARIE A","6057591","2024-02-06","2024","02","06","","1.5","","-1.1","","0.2","","17.8","","0.0","","0.0","","0.0","","0.0","","1","","","M","","M"
"-84.51","46.49","SAULT STE MARIE A","6057591","2024-02-07","2024","02","07","","4.9","","-0.6","","2.2","","15.8","","0.0","","0.0","","0.0","","0.0","","1","","","M","","M"
"-84.51","46.49","SAULT STE MARIE A","6057591","2024-02-08","2024","02","08","","8.8","","0.4","","4.6","","13.4","","0.0","","2.3","","0.0","","2.3","","0","T","9","","43",""
"-84.51","46.49","SAULT STE MARIE A","6057591","2024-02-09","2024","02","09","","6.8","","0.4","","3.6","","14.4","","0.0","","3.5","","0.0","T","3.5","","0","T","23","","40",""
"-84.51","46.49","SAULT STE MARIE A","6057591","2024-02-10","2024","02","10","","0.6","","-1.9","","-0.7","","18.7","","0.0","","0.0","","2.4","","2.4","","1","","28","","53",""
"-84.51","46.49","SAULT STE MARIE A","6057591","2024-02-11","2024","02","11","","-0.8","","-3.0","","-1.9","","19.9","","0.0","","0.0","","0.4","","0.2","","1","","31","","49",""
"-84.51","46.49","SAULT STE MARIE A","6057591","2024-02-12","2024","02","12","","-1.5","","-8.0","","-4.8","","22.8","","0.0","","0.0","","6.6","","4.2","","1","","","M","","M"
"-84.51","46.49","SAULT STE MARIE A","6057591","2024-02-13","2024","02","13","","-1.8","","-12.0","","-6.9","","24.9","","0.0","","0.0","","0.0","T","0.0","T","7","","31","","36",""
"-84.51","46.49","SAULT STE MARIE A","6057591","2024-02-14","2024","02","14","","-2.5","","-11.2","","-6.9","","24.9","","0.0","","0.0","","0.2","","0.2","","7","","","M","","M"
"-84.51","46.49","SAULT STE MARIE A","6057591","2024-02-15","2024","02","15","","0.2","","-5.1","","-2.5","","20.5","","0.0","","0.0","","12.8","","12.4","","9","","31","","68",""
"-84.51","46.49","SAULT STE MARIE A","6057591","2024-02-16","2024","02","16","","-4.7","","-12.3","","-8.5","","26.5","","0.0","","0.0","","4.0","","2.9","","15","","31","","60",""
"-84.51","46.49","SAULT STE MARIE A","6057591","2024-02-17","2024","02","17","","-3.9","","-21.5","","-12.7","","30.7","","0.0","","0.0","","4.2","","3.2","","18","","24","","49",""
"-84.51","46.49","SAULT STE MARIE A","6057591","2024-02-18","2024","02","18","","-2.9","","-10.1","","-6.5","","24.5","","0.0","","0.0","","16.6","","7.6","","22","","30","","67",""
"-84.51","46.49","SAULT STE MARIE A","6057591","2024-02-19","2024","02","19","","-2.4","","-15.5","","-9.0","","27.0","","0.0","","0.0","","0.0","T","0.0","T","34","","","M","","M"
"-84.51","46.49","SAULT STE MARIE A","6057591","2024-02-20","2024","02","20","","-0.4","","-16.5","","-8.5","","26.5","","0.0","","0.0","","0.0","","0.0","","34","","","M","","M"
"-84.51","46.49","SAULT STE MARIE A","6057591","2024-02-21","2024","02","21","","6.4","","-3.2","","1.6","","16.4","","0.0","","0.0","","0.0","","0.0","","34","","","M","","M"
"-84.51","46.49","SAULT STE MARIE A","6057591","2024-02-22","2024","02","22","","6.3","","-4.0","","1.2","","16.8","","0.0","","0.0","T","0.0","","0.0","T","26","E","29","","41",""
"-84.51","46.49","SAULT STE MARIE A","6057591","2024-02-23","2024","02","23","","3.0","","-17.3","","-7.2","","25.2","","0.0","","0.0","","0.0","","0.0","","20","","32","","49",""
"-84.51","46.49","SAULT STE MARIE A","6057591","2024-02-24","2024","02","24","","-1.0","","-20.3","","-10.7","","28.7","","0.0","","0.0","","0.0","T","0.0","T","20","","17","","37",""
"-84.51","46.49","SAULT STE MARIE A","6057591","2024-02-25","2024","02","25","","2.9","","-1.8","","0.6","","17.4","","0.0","","0.0","","0.8","","0.8","","17","","22","","36",""
"-84.51","46.49","SAULT STE MARIE A","6057591","2024-02-26","2024","02","26","","3.1","","-9.9","","-3.4","","21.4","","0.0","","0.0","","0.0","","0.0","","16","","13","","47",""
"-84.51","46.49","SAULT STE MARIE A","6057591","2024-02-27","2024","02","27","","11.0","","-0.8","","5.1","","12.9","","0.0","","0.0","T","0.0","","0.0","T","13","","30","","51",""
"-84.51","46.49","SAULT STE MARIE A","6057591","2024-02-28","2024","02","28","","1.9","","-13.4","","-5.8","","23.8","","0.0","","0.4","","12.4","","9.4","","6","","32","","85",""
"-84.51","46.49","SAULT STE MARIE A","6057591","2024-02-29","2024","02","29","","-6.8","","-17.5","","-12.2","","30.2","","0.0","","0.0","","5.0","","3.2","","19","","","M","","M"
"-84.51","46.49","SAULT STE MARIE A","6057591","2024-03-01","2024","03","01","","8.3","","-8.0","","0.2","","17.8","","0.0","","0.0","","0.0","","0.0","","20","","6","","35",""
"-84.51","46.49","SAULT STE MARIE A","6057591","2024-03-02","2024","03","02","","9.7","","-5.6","","2.1","","15.9","","0.0","","0.0","","0.0","","0.0","","8","","","M","","M"
"-84.51","46.49","SAULT STE MARIE A","6057591","2024-03-03","2024","03","03","","5.0","","0.4","","2.7","","15.3","","0.0","","0.0","T","0.0","","0.0","T","1","","12","","49",""
"-84.51","46.49","SAULT STE MARIE A","6057591","2024-03-04","2024","03","04","","13.9","","3.2","","8.6","","9.4","","0.0","","15.2","","0.0","","15.2","","1","","36","","47",""
"-84.51","46.49","SAULT STE MARIE A","6057591","2024-03-05","2024","03","05","","5.1","","-2.6","","1.3","","16.7","","0.0","","1.8","","0.0","","1.8","","0","T","32","","37",""
"-84.51","46.49","SAULT STE MARIE A","6057591","2024-03-06","2024","03","06","","7.7","","-6.0","","0.9","","17.1","","0.0","","0.0","","0.0","","0.0","","0","T","","M","","M"
"-84.51","46.49","SAULT STE MARIE A","6057591","2024-03-07","2024","03","07","","8.0","","-2.7","","2.7","","15.3","","0.0","","0.0","","0.0","","0.0","","0","T","11","","38",""
"-84.51","46.49","SAULT STE MARIE A","6057591","2024-03-08","2024","03","08","","7.5","","-0.5","","3.5","","14.5","","0.0","","1.2","","0.0","T","1.2","","0","T","","M","","M"
"-84.51","46.49","SAULT STE MARIE A","6057591","2024-03-09","2024","03","09","","2.6","","-4.5","","-1.0","","19.0","","0.0","","2.7","","6.4","","8.3","","0","T","32","","46",""
"-84.51","46.49","SAULT STE MARIE A","6057591","2024-03-10","2024","03","10","","1.8","","-6.1","","-2.2","","20.2","","0.0","","0.0","","1.2","","1.2","","3","","31","","65",""
"-84.51","46.49","SAULT STE MARIE A","6057591","2024-03-11","2024","03","11","","11.2","","-5.3","","3.0","","15.0","","0.0","","0.0","","0.0","","0.0","","0","T","","M","","M"
"-84.51","46.49","SAULT STE MARIE A","6057591","2024-03-12","2024","03","12","","11.9","","-6.1","","2.9","","15.1","","0.0","","0.0","","0.0","","0.0","","0","T","9","","40",""
"-84.51","46.49","SAULT STE MARIE A","6057591","2024-03-13","2024","03","13","","11.4","","-4.1","","3.7","","14.3","","0.0","","0.0","","0.0","","0.0","","0","T","31","","34",""
"-84.51","46.49","SAULT STE MARIE A","6057591","2024-03-14","2024","03","14","","4.9","","-3.8","","0.6","","17.4","","0.0","","0.0","","0.0","","0.0","","0","T","29","","39",""
"-84.51","46.49","SAULT STE MARIE A","6057591","2024-03-15","2024","03","15","","5.9","","-5.7","","0.1","","17.9","","0.0","","0.0","","0.0","","0.0","","0","T","29","","35",""
"-84.51","46.49","SAULT STE MARIE A","6057591","2024-03-16","2024","03","16","","7.5","","-0.2","","3.7","","14.3","","0.0","","0.9","","1.0","","1.9","","0","T","28","","57",""
"-84.51","46.49","SAULT STE MARIE A","6057591","2024-03-17","2024","03","17","","0.0","","-3.8","","-1.9","","19.9","","0.0","","0.0","","5.0","","3.2","","1","","27","","55",""
"-84.51","46.49","SAULT STE MARIE A","6057591","2024-03-18","2024","03","18","","-2.8","","-5.2","","-4.0","","22.0","","0.0","","0.0","","0.4","","0.4","","5","","31","","52",""
"-84.51","46.49","SAULT STE MARIE A","6057591","2024-03-19","2024","03","19","","0.5","","-5.6","","-2.6","","20.6","","0.0","","0.0","","2.9","","2.9","","4","E","32","","71",""
"-84.51","46.49","SAULT STE MARIE A","6057591","2024-03-20","2024","03","20","","-4.1","","-10.0","","-7.1","","25.1","","0.0","","0.0","","5.2","","5.2","","7","","32","","67",""
"-84.51","46.49","SAULT STE MARIE A","6057591","2024-03-21","2024","03","21","","-5.4","","-15.1","","-10.3","","28.3","","0.0","","0.0","","0.2","","0.0","T","9","","","M","","M"
"-84.51","46.49","SAULT STE MARIE A","6057591","2024-03-22","2024","03","22","","-0.8","","-12.4","","-6.6","","24.6","","0.0","","0.0","","8.0","","4.2","","9","","","M","","M"
"-84.51","46.49","SAULT STE MARIE A","6057591","2024-03-23","2024","03","23","","-3.8","","-14.0","","-8.9","","26.9","","0.0","","0.0","","0.0","T","0.0","T","14","","34","","38",""
"-84.51","46.49","SAULT STE MARIE A","6057591","2024-03-24","2024","03","24","","1.0","","-12.4","","-5.7","","23.7","","0.0","","0.0","","6.2","","3.4","","12","","13","","41",""
"-84.51","46.49","SAULT STE MARIE A","6057591","2024-03-25","2024","03","25","","5.6","","-2.9","","1.4","","16.6","","0.0","","0.5","","2.8","","3.3","","17","","9","","54",""
"-84.51","46.49","SAULT STE MARIE A","6057591","2024-03-26","2024","03","26","","10.9","","3.2","","7.1","","10.9","","0.0","","20.6","","0.0","","20.6","","1","","9","","53",""
"-84.51","46.49","SAULT STE MARIE A","6057591","2024-03-27","2024","03","27","","3.7","","-3.0","","0.4","","17.6","","0.0","","0.0","","0.0","T","0.0","T","0","T","24","","49",""
"-84.51","46.49","SAULT STE MARIE A","6057591","2024-03-28","2024","03","28","","0.8","","-3.3","","-1.3","","19.3","","0.0","","0.0","","0.0","T","0.0","T","0","T","24","","40",""
"-84.51","46.49","SAULT STE MARIE A","6057591","2024-03-29","2024","03","29","","1.9","","-6.8","","-2.5","","20.5","","0.0","","0.0","","0.0","T","0.0","T","0","T","30","","36",""
"-84.51","46.49","SAULT STE MARIE A","6057591","2024-03-30","2024","03","30","","2.3","","-6.8","","-2.3","","20.3","","0.0","","0.0","","1.0","","1.0","","0","T","","M","","M"
"-84.51","46.49","SAULT STE MARIE A","6057591","2024-03-31","2024","03","31","","6.2","","-2.4","","1.9","","16.1","","0.0","","0.0","","0.0","T","0.0","T","0","T","","M","","M"
"-84.51","46.49","SAULT STE MARIE A","6057591","2024-04-01","2024","04","01","","7.1","","-5.1","","1.0","","17.0","","0.0","","0.0","","0.0","T","0.0","T","0","T","","M","","M"
"-84.51","46.49","SAULT STE MARIE A","6057591","2024-04-02","2024","04","02","","10.8","","-3.7","","3.6","","14.4","","0.0","","","M","","M","","M","0","T","","M","","M"
"-84.51","46.49","SAULT STE MARIE A","6057591","2024-04-03","2024","04","03","","5.1","","1.0","","3.1","","14.9","","0.0","","","M","","M","","M","0","T","","M","","M"
"-84.51","46.49","SAULT STE MARIE A","6057591","2024-04-04","2024","04","04","","6.7","","-2.0","","2.4","","15.6","","0.0","","0.5","","0.0","T","0.5","","0","T","4","","51",""
"-84.51","46.49","SAULT STE MARIE A","6057591","2024-04-05","2024","04","05","","7.3","","-2.6","","2.4","","15.6","","0.0","","0.0","","0.0","","0.0","","","","29","","46",""
"-84.51","46.49","SAULT STE MARIE A","6057591","2024-04-06","2024","04","06","","8.5","","-4.3","","2.1","","15.9","","0.0","","0.0","","0.0","","0.0","","","","30","","41",""
"-84.51","46.49","SAULT STE MARIE A","6057591","2024-04-07","2024","04","07","","13.8","","-5.8","","4.0","","14.0","","0.0","","0.0","","0.0","","0.0","","","","11","","41",""
"-84.51","46.49","SAULT STE MARIE A","6057591","2024-04-08","2024","04","08","","13.4","","1.3","","7.4","","10.6","","0.0","","0.0","","0.0","","0.0","","","","8","","46",""
"-84.51","46.49","SAULT STE MARIE A","6057591","2024-04-09","2024","04","09","","14.6","","0.0","","7.3","","10.7","","0.0","","2.6","","0.0","","2.6","","","","28","","39",""
"-84.51","46.49","SAULT STE MARIE A","6057591","2024-04-10","2024","04","10","","18.0","","-1.1","","8.5","","9.5","","0.0","","0.0","","0.0","","0.0","","","","23","","44",""
"-84.51","46.49","SAULT STE MARIE A","6057591","2024-04-11","2024","04","11","","14.9","","2.8","","8.9","","9.1","","0.0","","2.2","","0.0","","2.2","","","","36","","37",""
"-84.51","46.49","SAULT STE MARIE A","6057591","2024-04-12","2024","04","12","","7.8","","3.4","","5.6","","12.4","","0.0","","15.7","","0.0","","15.7","","","","32","","78",""
"-84.51","46.49","SAULT STE MARIE A","6057591","2024-04-13","2024","04","13","","9.7","","2.1","","5.9","","12.1","","0.0","","1.9","","0.0","","1.9","","","","32","","64",""
"-84.51","46.49","SAULT STE MARIE A","6057591","2024-04-14","2024","04","14","","11.4","","-0.8","","5.3","","12.7","","0.0","","0.4","","0.0","","0.4","","","","32","","43",""
"-84.51","46.49","SAULT STE MARIE A","6057591","2024-04-15","2024","04","15","","11.6","","-1.9","","4.9","","13.1","","0.0","","0.0","","0.0","","0.0","","","","32","","46",""
"-84.51","46.49","SAULT STE MARIE A","6057591","2024-04-16","2024","04","16","","15.7","","-4.0","","5.9","","12.1","","0.0","","0.0","","0.0","","0.0","","","","11","","46",""
"-84.51","46.49","SAULT STE MARIE A","6057591","2024-04-17","2024","04","17","","8.3","","3.8","","6.1","","11.9","","0.0","","27.1","","0.0","","27.1","","","","10","","62",""
"-84.51","46.49","SAULT STE MARIE A","6057591","2024-04-18","2024","04","18","","9.8","","3.9","","6.9","","11.1","","0.0","","1.7","","0.0","","1.7","","","","28","","34",""
"-84.51","46.49","SAULT STE MARIE A","6057591","2024-04-19","2024","04","19","","7.1","","2.6","","4.9","","13.1","","0.0","","1.6","","0.0","T","1.6","","0","T","29","","44",""
"-84.51","46.49","SAULT STE MARIE A","6057591","2024-04-20","2024","04","20","","4.2","","0.2","","2.2","","15.8","","0.0","","0.0","","1.6","","1.6","","0","T","30","","64",""
"-84.51","46.49","SAULT STE MARIE A","6057591","2024-04-21","2024","04","21","","7.5","","-3.0","","2.3","","15.7","","0.0","","0.0","","0.0","","0.0","","0","T","31","","59",""
"-84.51","46.49","SAULT STE MARIE A","6057591","2024-04-22","2024","04","22","","16.0","","-5.4","","5.3","","12.7","","0.0","","0.0","","0.0","","0.0","","","","25","","54",""
"-84.51","46.49","SAULT STE MARIE A","6057591","2024-04-23","2024","04","23","","16.1","","-0.6","","7.8","","10.2","","0.0","","8.6","","0.0","T","8.6","","0","T","3","","50",""
"-84.51","46.49","SAULT STE MARIE A","6057591","2024-04-24","2024","04","24","","4.3","","-6.2","","-1.0","","19.0","","0.0","","0.0","","0.0","","0.0","","","","2","","39",""
"-84.51","46.49","SAULT STE MARIE A","6057591","2024-04-25","2024","04","25","","10.8","","-7.5","","1.7","","16.3","","0.0","","0.0","","0.0","","0.0","","","","","M","","M"
"-84.51","46.49","SAULT STE MARIE A","6057591","2024-04-26","2024","04","26","","13.3","","-1.3","","6.0","","12.0","","0.0","","0.0","","0.0","","0.0","","","","14","","55",""
"-84.51","46.49","SAULT STE MARIE A","6057591","2024-04-27","2024","04","27","","21.0","","5.3","","13.2","","4.8","","0.0","","3.0","","0.0","","3.0","","","","32","","60",""
"-84.51","46.49","SAULT STE MARIE A","6057591","2024-04-28","2024","04","28","","12.2","","3.5","","7.9","","10.1","","0.0","","7.9","","0.0","","7.9","","","","8","","45",""
"-84.51","46.49","SAULT STE MARIE A","6057591","2024-04-29","2024","04","29","","5.7","","2.7","","4.2","","13.8","","0.0","","33.3","","0.0","","33.3","","","","9","","49",""
"-84.51","46.49","SAULT STE MARIE A","6057591","2024-04-30","2024","04","30","","9.2","","4.3","","6.8","","11.2","","0.0","","0.2","","0.0","","0.2","","","","","M","","M"
"-84.51","46.49","SAULT STE MARIE A","6057591","2024-05-01","2024","05","01","","11.7","","1.2","","6.5","","11.5","","0.0","","6.4","","0.0","","6.4","","","","31","","51",""
"-84.51","46.49","SAULT STE MARIE A","6057591","2024-05-02","2024","05","02","","15.5","","3.8","","9.7","","8.3","","0.0","","0.6","","0.0","","0.6","","","","28","","40",""
"-84.51","46.49","SAULT STE MARIE A","6057591","2024-05-03","2024","05","03","","17.7","","5.4","","11.6","","6.4","","0.0","","7.8","","0.0","","7.8","","","","21","","35",""
"-84.51","46.49","SAULT STE MARIE A","6057591","2024-05-04","2024","05","04","","20.9","","5.0","","13.0","","5.0","","0.0","","4.0","","0.0","","4.0","","","","9","","41",""
"-84.51","46.49","SAULT STE MARIE A","6057591","2024-05-05","2024","05","05","","13.6","","1.3","","7.5","","10.5","","0.0","","1.2","","0.0","","1.2","","","","30","","41",""
"-84.51","46.49","SAULT STE MARIE A","6057591","2024-05-06","2024","05","06","","20.1","","-0.8","","9.7","","8.3","","0.0","","0.0","","0.0","","0.0","","","","","M","","M"
"-84.51","46.49","SAULT STE MARIE A","6057591","2024-05-07","2024","05","07","","20.0","","2.6","","11.3","","6.7","","0.0","","13.0","","0.0","","13.0","","","","5","","52",""
"-84.51","46.49","SAULT STE MARIE A","6057591","2024-05-08","2024","05","08","","16.4","","6.3","","11.4","","6.6","","0.0","","4.1","","0.0","","4.1","","","","29","","36",""
"-84.51","46.49","SAULT STE MARIE A","6057591","2024-05-09","2024","05","09","","16.1","","5.2","","10.7","","7.3","","0.0","","0.0","","0.0","","0.0","","","","8","","36",""
"-84.51","46.49","SAULT STE MARIE A","6057591","2024-05-10","2024","05","10","","18.1","","5.7","","11.9","","6.1","","0.0","","0.0","","0.0","","0.0","","","","","M","","M"
"-84.51","46.49","SAULT STE MARIE A","6057591","2024-05-11","2024","05","11","","14.5","","2.9","","8.7","","9.3","","0.0","","0.0","","0.0","","0.0","","","","31","","47",""
"-84.51","46.49","SAULT STE MARIE A","6057591","2024-05-12","2024","05","12","","13.4","","0.4","","6.9","","11.1","","0.0","","3.5","","0.0","","3.5","","","","7","","36",""
"-84.51","46.49","SAULT STE MARIE A","6057591","2024-05-13","2024","05","13","","13.3","","2.4","","7.9","","10.1","","0.0","","0.0","","0.0","","0.0","","","","32","","46",""
"-84.51","46.49","SAULT STE MARIE A","6057591","2024-05-14","2024","05","14","","12.2","","0.7","","6.5","","11.5","","0.0","","0.0","","0.0","","0.0","","","","30","","40",""
"-84.51","46.49","SAULT STE MARIE A","6057591","2024-05-15","2024","05","15","","16.2","","-0.3","","8.0","","10.0","","0.0","","0.0","","0.0","","0.0","","","","31","","32",""
"-84.51","46.49","SAULT STE MARIE A","6057591","2024-05-16","2024","05","16","","20.8","","0.7","","10.8","","7.2","","0.0","","5.0","","0.0","","5.0","","","","9","","33",""
"-84.51","46.49","SAULT STE MARIE A","6057591","2024-05-17","2024","05","17","","20.7","","8.2","","14.5","","3.5","","0.0","","3.8","","0.0","","3.8","","","","29","","31",""
"-84.51","46.49","SAULT STE MARIE A","6057591","2024-05-18","2024","05","18","","24.1","","8.8","","16.5","","1.5","","0.0","","0.4","","0.0","","0.4","","","","12","","36",""
"-84.51","46.49","SAULT STE MARIE A","6057591","2024-05-19","2024","05","19","","21.3","","8.8","","15.1","","2.9","","0.0","","2.6","","0.0","","2.6","","","","32","","39",""
"-84.51","46.49","SAULT STE MARIE A","6057591","2024-05-20","2024","05","20","","18.5","","8.8","","13.7","","4.3","","0.0","","0.0","T","0.0","","0.0","T","","","","M","","M"
"-84.51","46.49","SAULT STE MARIE A","6057591","2024-05-21","2024","05","21","","25.9","","6.7","","16.3","","1.7","","0.0","","0.0","","0.0","","0.0","","","","10","","40",""
"-84.51","46.49","SAULT STE MARIE A","6057591","2024-05-22","2024","05","22","","18.7","","7.4","","13.1","","4.9","","0.0","","7.6","","0.0","","7.6","","","","25","","44",""
"-84.51","46.49","SAULT STE MARIE A","6057591","2024-05-23","2024","05","23","","14.3","","6.2","","10.3","","7.7","","0.0","","0.0","","0.0","","0.0","","","","32","","51",""
"-84.51","46.49","SAULT STE MARIE A","6057591","2024-05-24","2024","05","24","","21.0","","1.2","","11.1","","6.9","","0.0","","1.2","","0.0","","1.2","","","","9","","33",""
"-84.51","46.49","SAULT STE MARIE A","6057591","2024-05-25","2024","05","25","","17.1","","7.3","","12.2","","5.8","","0.0","","4.4","","0.0","","4.4","","","","9","","37",""
"-84.51","46.49","SAULT STE MARIE A","6057591","2024-05-26","2024","05","26","","22.9","","9.1","","16.0","","2.0","","0.0","","0.0","T","0.0","","0.0","T","","","12","","36",""
"-84.51","46.49","SAULT STE MARIE A","6057591","2024-05-27","2024","05","27","","18.3","","8.2","","13.3","","4.7","","0.0","","0.0","T","0.0","","0.0","T","","","30","","45",""
"-84.51","46.49","SAULT STE MARIE A","6057591","2024-05-28","2024","05","28","","18.4","","5.7","","12.1","","5.9","","0.0","","0.0","","0.0","","0.0","","","","32","","44",""
"-84.51","46.49","SAULT STE MARIE A","6057591","2024-05-29","2024","05","29","","14.0","","2.8","","8.4","","9.6","","0.0","","0.0","","0.0","","0.0","","","","31","","51",""
"-84.51","46.49","SAULT STE MARIE A","6057591","2024-05-30","2024","05","30","","20.7","","-0.3","","10.2","","7.8","","0.0","","0.0","","0.0","","0.0","","","","","M","","M"
"-84.51","46.49","SAULT STE MARIE A","6057591","2024-05-31","2024","05","31","","23.5","","-1.0","","11.3","","6.7","","0.0","","0.0","","0.0","","0.0","","","","19","","33",""
"-84.51","46.49","SAULT STE MARIE A","6057591","2024-06-01","2024","06","01","","24.6","","6.8","","15.7","","2.3","","0.0","","0.0","","0.0","","0.0","","","","23","","32",""
"-84.51","46.49","SAULT STE MARIE A","6057591","2024-06-02","2024","06","02","","24.1","","6.6","","15.4","","2.6","","0.0","","0.0","","0.0","","0.0","","","","","M","","M"
"-84.51","46.49","SAULT STE MARIE A","6057591","2024-06-03","2024","06","03","","23.6","","5.3","","14.5","","3.5","","0.0","","0.0","T","0.0","","0.0","T","","","12","","48",""
"-84.51","46.49","SAULT STE MARIE A","6057591","2024-06-04","2024","06","04","","25.1","","14.4","","19.8","","0.0","","1.8","","0.2","","0.0","","0.2","","","","","M","","M"
"-84.51","46.49","SAULT STE MARIE A","6057591","2024-06-05","2024","06","05","","23.3","","12.3","","17.8","","0.2","","0.0","","5.8","","0.0","","5.8","","","","14","","48",""
"-84.51","46.49","SAULT STE MARIE A","6057591","2024-06-06","2024","06","06","","20.7","","11.1","","15.9","","2.1","","0.0","","3.1","","0.0","","3.1","","","","29","","44",""
"-84.51","46.49","SAULT STE MARIE A","6057591","2024-06-07","2024","06","07","","11.8","","7.7","","9.8","","8.2","","0.0","","21.0","","0.0","","21.0","","","","30","","40",""
"-84.51","46.49","SAULT STE MARIE A","6057591","2024-06-08","2024","06","08","","18.9","","4.2","","11.6","","6.4","","0.0","","0.5","","0.0","","0.5","","","","32","","33",""
"-84.51","46.49","SAULT STE MARIE A","6057591","2024-06-09","2024","06","09","","12.4","","7.9","","10.2","","7.8","","0.0","","1.5","","0.0","","1.5","","","","31","","47",""
"-84.51","46.49","SAULT STE MARIE A","6057591","2024-06-10","2024","06","10","","13.7","","6.6","","10.2","","7.8","","0.0","","0.0","","0.0","","0.0","","","","31","","57",""
"-84.51","46.49","SAULT STE MARIE A","6057591","2024-06-11","2024","06","11","","22.4","","1.2","","11.8","","6.2","","0.0","","0.2","","0.0","","0.2","","","","","M","","M"
"-84.51","46.49","SAULT STE MARIE A","6057591","2024-06-12","2024","06","12","","26.6","","10.6","","18.6","","0.0","","0.6","","2.5","","0.0","","2.5","","","","22","","33",""
"-84.51","46.49","SAULT STE MARIE A","6057591","2024-06-13","2024","06","13","","24.6","","6.2","","15.4","","2.6","","0.0","","11.6","","0.0","","11.6","","","","28","","54",""
"-84.51","46.49","SAULT STE MARIE A","6057591","2024-06-14","2024","06","14","","17.5","","4.5","","11.0","","7.0","","0.0","","0.0","","0.0","","0.0","","","","30","","36",""
"-84.51","46.49","SAULT STE MARIE A","6057591","2024-06-15","2024","06","15","","20.2","","2.4","","11.3","","6.7","","0.0","","0.0","","0.0","","0.0","","","","","M","","M"
"-84.51","46.49","SAULT STE MARIE A","6057591","2024-06-16","2024","06","16","","19.4","","10.9","","15.2","","2.8","","0.0","","6.7","","0.0","","6.7","","","","9","","33",""
"-84.51","46.49","SAULT STE MARIE A","6057591","2024-06-17","2024","06","17","","26.5","","13.4","","20.0","","0.0","","2.0","","0.0","","0.0","","0.0","","","","31","","83",""
"-84.51","46.49","SAULT STE MARIE A","6057591","2024-06-18","2024","06","18","","31.2","","13.5","","22.4","","0.0","","4.4","","0.0","","0.0","","0.0","","","","20","","40",""
"-84.51","46.49","SAULT STE MARIE A","6057591","2024-06-19","2024","06","19","","26.6","","13.7","","20.2","","0.0","","2.2","","0.0","T","0.0","","0.0","T","","","33","","53",""
"-84.51","46.49","SAULT STE MARIE A","6057591","2024-06-20","2024","06","20","","22.4","","12.0","","17.2","","0.8","","0.0","","0.2","","0.0","","0.2","","","","29","","35",""
"-84.51","46.49","SAULT STE MARIE A","6057591","2024-06-21","2024","06","21","","21.1","","12.3","","16.7","","1.3","","0.0","","0.6","","0.0","","0.6","","","","29","","36",""
"-84.51","46.49","SAULT STE MARIE A","6057591","2024-06-22","2024","06","22","","17.9","","10.8","","14.4","","3.6","","0.0","","32.7","","0.0","","32.7","","","","","M","","M"
"-84.51","46.49","SAULT STE MARIE A","6057591","2024-06-23","2024","06","23","","21.1","","12.7","","16.9","","1.1","","0.0","","31.2","","0.0","","31.2","","","","6","","45",""
"-84.51","46.49","SAULT STE MARIE A","6057591","2024-06-24","2024","06","24","","25.7","","11.8","","18.8","","0.0","","0.8","","0.0","","0.0","","0.0","","","","28","","34",""
"-84.51","46.49","SAULT STE MARIE A","6057591","2024-06-25","2024","06","25","","26.3","","13.7","","20.0","","0.0","","2.0","","6.9","","0.0","","6.9","","","","35","","39",""
"-84.51","46.49","SAULT STE MARIE A","6057591","2024-06-26","2024","06","26","","18.1","","9.9","","14.0","","4.0","","0.0","","0.0","T","0.0","","0.0","T","","","31","","46",""
"-84.51","46.49","SAULT STE MARIE A","6057591","2024-06-27","2024","06","27","","19.8","","8.0","","13.9","","4.1","","0.0","","0.0","","0.0","","0.0","","","","31","","40",""
"-84.51","46.49","SAULT STE MARIE A","6057591","2024-06-28","2024","06","28","","17.4","","5.8","","11.6","","6.4","","0.0","","4.8","","0.0","","4.8","","","","14","","33",""
"-84.51","46.49","SAULT STE MARIE A","6057591","2024-06-29","2024","06","29","","25.1","","9.6","","17.4","","0.6","","0.0","","37.4","","0.0","","37.4","","","","31","","60",""
"-84.51","46.49","SAULT STE MARIE A","6057591","2024-06-30","2024","06","30","","14.4","","9.6","","12.0","","6.0","","0.0","","0.0","T","0.0","","0.0","T","","","29","","50",""
"-84.51","46.49","SAULT STE MARIE A","6057591","2024-07-01","2024","07","01","","24.5","","11.2","","17.9","","0.1","","0.0","","0.0","","0.0","","0.0","","","","29","","33",""
"-84.51","46.49","SAULT STE MARIE A","6057591","2024-07-02","2024","07","02","","21.0","","11.2","","16.1","","1.9","","0.0","","2.2","","0.0","","2.2","","","","14","","37",""
"-84.51","46.49","SAULT STE MARIE A","6057591","2024-07-03","2024","07","03","","24.5","","14.9","","19.7","","0.0","","1.7","","12.0","","0.0","","12.0","","","","20","","37",""
"-84.51","46.49","SAULT STE MARIE A","6057591","2024-07-04","2024","07","04","","24.0","","12.2","","18.1","","0.0","","0.1","","0.0","","0.0","","0.0","","","","","M","","M"
"-84.51","46.49","SAULT STE MARIE A","6057591","2024-07-05","2024","07","05","","19.8","","12.8","","16.3","","1.7","","0.0","","4.9","","0.0","","4.9","","","","","M","","M"
"-84.51","46.49","SAULT STE MARIE A","6057591","2024-07-06","2024","07","06","","22.2","","12.3","","17.3","","0.7","","0.0","","0.0","","0.0","","0.0","","","","29","","33",""
"-84.51","46.49","SAULT STE MARIE A","6057591","2024-07-07","2024","07","07","","26.6","","8.8","","17.7","","0.3","","0.0","","0.0","","0.0","","0.0","","","","","M","","M"
"-84.51","46.49","SAULT STE MARIE A","6057591","2024-07-08","2024","07","08","","26.9","","15.8","","21.4","","0.0","","3.4","","0.0","","0.0","","0.0","","","","","M","","M"
"-84.51","46.49","SAULT STE MARIE A","6057591","2024-07-09","2024","07","09","","25.1","","15.2","","20.2","","0.0","","2.2","","0.0","","0.0","","0.0","","","","","M","","M"
"-84.51","46.49","SAULT STE MARIE A","6057591","2024-07-10","2024","07","10","","25.8","","14.3","","20.1","","0.0","","2.1","","4.2","","0.0","","4.2","","","","30","","34",""
"-84.51","46.49","SAULT STE MARIE A","6057591","2024-07-11","2024","07","11","","24.7","","10.8","","17.8","","0.2","","0.0","","0.0","","0.0","","0.0","","","","","M","","M"
"-84.51","46.49","SAULT STE MARIE A","6057591","2024-07-12","2024","07","12","","28.3","","10.4","","19.4","","0.0","","1.4","","0.0","","0.0","","0.0","","","","","M","","M"
"-84.51","46.49","SAULT STE MARIE A","6057591","2024-07-13","2024","07","13","","30.3","","13.3","","21.8","","0.0","","3.8","","0.0","","0.0","","0.0","","","","22","","32",""
"-84.51","46.49","SAULT STE MARIE A","6057591","2024-07-14","2024","07","14","","27.3","","15.7","","21.5","","0.0","","3.5","","0.0","T","0.0","","0.0","T","","","","M","","M"
"-84.51","46.49","SAULT STE MARIE A","6057591","2024-07-15","2024","07","15","","27.5","","16.6","","22.1","","0.0","","4.1","","2.1","","0.0","","2.1","","","","32","","33",""
"-84.51","46.49","SAULT STE MARIE A","6057591","2024-07-16","2024","07","16","","23.5","","14.9","","19.2","","0.0","","1.2","","0.2","","0.0","","0.2","","","","31","","40",""
"-84.51","46.49","SAULT STE MARIE A","6057591","2024-07-17","2024","07","17","","20.7","","9.7","","15.2","","2.8","","0.0","","0.0","T","0.0","","0.0","T","","","31","","48",""
"-84.51","46.49","SAULT STE MARIE A","6057591","2024-07-18","2024","07","18","","21.6","","8.4","","15.0","","3.0","","0.0","","0.0","","0.0","","0.0","","","","30","","37",""
"-84.51","46.49","SAULT STE MARIE A","6057591","2024-07-19","2024","07","19","","26.6","","6.9","","16.8","","1.2","","0.0","","0.0","","0.0","","0.0","","","","","M","","M"
"-84.51","46.49","SAULT STE MARIE A","6057591","2024-07-20","2024","07","20","","25.1","","12.4","","18.8","","0.0","","0.8","","0.0","","0.0","","0.0","","","","","M","","M"
"-84.51","46.49","SAULT STE MARIE A","6057591","2024-07-21","2024","07","21","","23.2","","8.5","","15.9","","2.1","","0.0","","0.0","","0.0","","0.0","","","","26","","35",""
"-84.51","46.49","SAULT STE MARIE A","6057591","2024-07-22","2024","07","22","","26.2","","5.9","","16.1","","1.9","","0.0","","0.0","","0.0","","0.0","","","","","M","","M"
"-84.51","46.49","SAULT STE MARIE A","6057591","2024-07-23","2024","07","23","","18.4","","15.2","","16.8","","1.2","","0.0","","6.8","","0.0","","6.8","","","","7","","31",""
"-84.51","46.49","SAULT STE MARIE A","6057591","2024-07-24","2024","07","24","","22.3","","15.0","","18.7","","0.0","","0.7","","11.9","","0.0","","11.9","","","","33","","39",""
"-84.51","46.49","SAULT STE MARIE A","6057591","2024-07-25","2024","07","25","","22.7","","9.2","","16.0","","2.0","","0.0","","0.0","","0.0","","0.0","","","","","M","","M"
"-84.51","46.49","SAULT STE MARIE A","6057591","2024-07-26","2024","07","26","","26.3","","6.9","","16.6","","1.4","","0.0","","0.0","","0.0","","0.0","","","","","M","","M"
"-84.51","46.49","SAULT STE MARIE A","6057591","2024-07-27","2024","07","27","","26.5","","8.9","","17.7","","0.3","","0.0","","0.0","","0.0","","0.0","","","","20","","34",""
"-84.51","46.49","SAULT STE MARIE A","6057591","2024-07-28","2024","07","28","","28.0","","14.3","","21.2","","0.0","","3.2","","0.0","","0.0","","0.0","","","","21","","35",""
"-84.51","46.49","SAULT STE MARIE A","6057591","2024-07-29","2024","07","29","","29.9","","19.2","","24.6","","0.0","","6.6","","3.4","","0.0","","3.4","","","","35","","40",""
"-84.51","46.49","SAULT STE MARIE A","6057591","2024-07-30","2024","07","30","","26.8","","19.3","","23.1","","0.0","","5.1","","0.0","T","0.0","","0.0","T","","","","M","","M"
"-84.51","46.49","SAULT STE MARIE A","6057591","2024-07-31","2024","07","31","","28.5","","14.0","","21.3","","0.0","","3.3","","0.0","","0.0","","0.0","","","","29","","32",""
"-84.51","46.49","SAULT STE MARIE A","6057591","2024-08-01","2024","08","01","","30.2","","12.3","","21.3","","0.0","","3.3","","0.0","","0.0","","0.0","","","","","M","","M"
"-84.51","46.49","SAULT STE MARIE A","6057591","2024-08-02","2024","08","02","","29.2","","14.1","","21.7","","0.0","","3.7","","0.0","","0.0","","0.0","","","","31","","36",""
"-84.51","46.49","SAULT STE MARIE A","6057591","2024-08-03","2024","08","03","","28.2","","17.1","","22.7","","0.0","","4.7","","0.0","","0.0","","0.0","","","","29","","31",""
"-84.51","46.49","SAULT STE MARIE A","6057591","2024-08-04","2024","08","04","","27.1","","16.6","","21.9","","0.0","","3.9","","0.2","","0.0","","0.2","","","","31","","33",""
"-84.51","46.49","SAULT STE MARIE A","6057591","2024-08-05","2024","08","05","","24.4","","10.2","","17.3","","0.7","","0.0","","0.0","","0.0","","0.0","","","","31","","45",""
"-84.51","46.49","SAULT STE MARIE A","6057591","2024-08-06","2024","08","06","","24.6","","10.1","","17.4","","0.6","","0.0","","0.0","","0.0","","0.0","","","","29","","40",""
"-84.51","46.49","SAULT STE MARIE A","6057591","2024-08-07","2024","08","07","","27.1","","8.6","","17.9","","0.1","","0.0","","0.0","T","0.0","","0.0","T","","","","M","","M"
"-84.51","46.49","SAULT STE MARIE A","6057591","2024-08-08","2024","08","08","","25.2","","12.5","","18.9","","0.0","","0.9","","13.8","","0.0","","13.8","","","","30","","47",""
"-84.51","46.49","SAULT STE MARIE A","6057591","2024-08-09","2024","08","09","","20.6","","13.8","","17.2","","0.8","","0.0","","1.7","","0.0","","1.7","","","","30","","42",""
"-84.51","46.49","SAULT STE MARIE A","6057591","2024-08-10","2024","08","10","","17.9","","12.5","","15.2","","2.8","","0.0","","5.7","","0.0","","5.7","","","","28","","53",""
"-84.51","46.49","SAULT STE MARIE A","6057591","2024-08-11","2024","08","11","","18.7","","12.2","","15.5","","2.5","","0.0","","3.7","","0.0","","3.7","","","","31","","47",""
"-84.51","46.49","SAULT STE MARIE A","6057591","2024-08-12","2024","08","12","","24.7","","11.1","","17.9","","0.1","","0.0","","0.0","","0.0","","0.0","","","","","M","","M"
"-84.51","46.49","SAULT STE MARIE A","6057591","2024-08-13","2024","08","13","","26.6","","9.5","","18.1","","0.0","","0.1","","0.0","","0.0","","0.0","","","","","M","","M"
"-84.51","46.49","SAULT STE MARIE A","6057591","2024-08-14","2024","08","14","","29.1","","10.1","","19.6","","0.0","","1.6","","0.0","","0.0","","0.0","","","","","M","","M"
"-84.51","46.49","SAULT STE MARIE A","6057591","2024-08-15","2024","08","15","","29.1","","11.4","","20.3","","0.0","","2.3","","0.0","","0.0","","0.0","","","","14","","31",""
"-84.51","46.49","SAULT STE MARIE A","6057591","2024-08-16","2024","08","16","","20.6","","17.8","","19.2","","0.0","","1.2","","12.7","","0.0","","12.7","","","","13","","36",""
"-84.51","46.49","SAULT STE MARIE A","6057591","2024-08-17","2024","08","17","","24.5","","18.9","","21.7","","0.0","","3.7","","0.0","T","0.0","","0.0","T","","","","M","","M"
"-84.51","46.49","SAULT STE MARIE A","6057591","2024-08-18","2024","08","18","","23.9","","10.6","","17.3","","0.7","","0.0","","0.0","T","0.0","","0.0","T","","","35","","39",""
"-84.51","46.49","SAULT STE MARIE A","6057591","2024-08-19","2024","08","19","","19.4","","6.2","","12.8","","5.2","","0.0","","0.0","","0.0","","0.0","","","","3","","44",""
"-84.51","46.49","SAULT STE MARIE A","6057591","2024-08-20","2024","08","20","","19.7","","3.9","","11.8","","6.2","","0.0","","0.0","","0.0","","0.0","","","","32","","45",""
"-84.51","46.49","SAULT STE MARIE A","6057591","2024-08-21","2024","08","21","","23.0","","5.5","","14.3","","3.7","","0.0","","0.0","","0.0","","0.0","","","","35","","32",""
"-84.51","46.49","SAULT STE MARIE A","6057591","2024-08-22","2024","08","22","","24.6","","5.1","","14.9","","3.1","","0.0","","0.0","","0.0","","0.0","","","","","M","","M"
"-84.51","46.49","SAULT STE MARIE A","6057591","2024-08-23","2024","08","23","","25.8","","10.0","","17.9","","0.1","","0.0","","0.0","","0.0","","0.0","","","","21","","35",""
"-84.51","46.49","SAULT STE MARIE A","6057591","2024-08-24","2024","08","24","","27.8","","13.9","","20.9","","0.0","","2.9","","0.0","T","0.0","","0.0","T","","","","M","","M"
"-84.51","46.49","SAULT STE MARIE A","6057591","2024-08-25","2024","08","25","","29.3","","12.3","","20.8","","0.0","","2.8","","0.0","","0.0","","0.0","","","","","M","","M"
"-84.51","46.49","SAULT STE MARIE A","6057591","2024-08-26","2024","08","26","","32.0","","17.8","","24.9","","0.0","","6.9","","0.0","","0.0","","0.0","","","","","M","","M"
"-84.51","46.49","SAULT STE MARIE A","6057591","2024-08-27","2024","08","27","","28.3","","15.1","","21.7","","0.0","","3.7","","34.1","","0.0","","34.1","","","","7","","47",""
"-84.51","46.49","SAULT STE MARIE A","6057591","2024-08-28","2024","08","28","","19.3","","12.9","","16.1","","1.9","","0.0","","18.7","","0.0","","18.7","","","","6","","35",""
"-84.51","46.49","SAULT STE MARIE A","6057591","2024-08-29","2024","08","29","","22.4","","13.6","","18.0","","0.0","","0.0","","0.0","","0.0","","0.0","","","","10","","31",""
"-84.51","46.49","SAULT STE MARIE A","6057591","2024-08-30","2024","08","30","","24.1","","9.6","","16.9","","1.1","","0.0","","0.4","","0.0","","0.4","","","","28","","43",""
"-84.51","46.49","SAULT STE MARIE A","6057591","2024-08-31","2024","08","31","","25.8","","8.3","","17.1","","0.9","","0.0","","0.9","","0.0","","0.9","","","","25","","44",""
"-84.51","46.49","SAULT STE MARIE A","6057591","2024-09-01","2024","09","01","","19.4","","7.9","","13.7","","4.3","","0.0","","0.0","T","0.0","","0.0","T","","","32","","66",""
"-84.51","46.49","SAULT STE MARIE A","6057591","2024-09-02","2024","09","02","","21.0","","2.3","","11.7","","6.3","","0.0","","0.0","","0.0","","0.0","","","","","M","","M"
"-84.51","46.49","SAULT STE MARIE A","6057591","2024-09-03","2024","09","03","","24.9","","5.2","","15.1","","2.9","","0.0","","0.0","","0.0","","0.0","","","","22","","36",""
"-84.51","46.49","SAULT STE MARIE A","6057591","2024-09-04","2024","09","04","","24.9","","9.6","","17.3","","0.7","","0.0","","0.0","","0.0","","0.0","","","","23","","35",""
"-84.51","46.49","SAULT STE MARIE A","6057591","2024-09-05","2024","09","05","","23.9","","8.7","","16.3","","1.7","","0.0","","15.3","","0.0","","15.3","","","","29","","46",""
"-84.51","46.49","SAULT STE MARIE A","6057591","2024-09-06","2024","09","06","","14.3","","8.5","","11.4","","6.6","","0.0","","0.0","","0.0","","0.0","","","","1","","36",""
"-84.51","46.49","SAULT STE MARIE A","6057591","2024-09-07","2024","09","07","","13.3","","4.6","","9.0","","9.0","","0.0","","0.0","","0.0","","0.0","","","","32","","55",""
"-84.51","46.49","SAULT STE MARIE A","6057591","2024-09-08","2024","09","08","","20.1","","11.5","","15.8","","2.2","","0.0","","0.0","T","0.0","","0.0","T","","","28","","43",""
"-84.51","46.49","SAULT STE MARIE A","6057591","2024-09-09","2024","09","09","","20.6","","5.4","","13.0","","5.0","","0.0","","0.0","","0.0","","0.0","","","","29","","32",""
"-84.51","46.49","SAULT STE MARIE A","6057591","2024-09-10","2024","09","10","","24.9","","4.7","","14.8","","3.2","","0.0","","0.0","","0.0","","0.0","","","","","M","","M"
"-84.51","46.49","SAULT STE MARIE A","6057591","2024-09-11","2024","09","11","","24.1","","11.8","","18.0","","0.0","","0.0","","0.0","","0.0","","0.0","","","","","M","","M"
"-84.51","46.49","SAULT STE MARIE A","6057591","2024-09-12","2024","09","12","","28.2","","11.7","","20.0","","0.0","","2.0","","0.0","","0.0","","0.0","","","","","M","","M"
"-84.51","46.49","SAULT STE MARIE A","6057591","2024-09-13","2024","09","13","","27.6","","9.9","","18.8","","0.0","","0.8","","0.0","","0.0","","0.0","","","","9","","33",""
"-84.51","46.49","SAULT STE MARIE A","6057591","2024-09-14","2024","09","14","","26.4","","10.8","","18.6","","0.0","","0.6","","0.0","","0.0","","0.0","","","","","M","","M"
"-84.51","46.49","SAULT STE MARIE A","6057591","2024-09-15","2024","09","15","","27.5","","15.0","","21.3","","0.0","","3.3","","0.0","","0.0","","0.0","","","","","M","","M"
"-84.51","46.49","SAULT STE MARIE A","6057591","2024-09-16","2024","09","16","","29.4","","12.0","","20.7","","0.0","","2.7","","0.0","","0.0","","0.0","","","","","M","","M"
"-84.51","46.49","SAULT STE MARIE A","6057591","2024-09-17","2024","09","17","","28.4","","10.4","","19.4","","0.0","","1.4","","0.0","","0.0","","0.0","","","","","M","","M"
"-84.51","46.49","SAULT STE MARIE A","6057591","2024-09-18","2024","09","18","","26.8","","10.8","","18.8","","0.0","","0.8","","0.0","","0.0","","0.0","","","","","M","","M"
"-84.51","46.49","SAULT STE MARIE A","6057591","2024-09-19","2024","09","19","","27.7","","11.9","","19.8","","0.0","","1.8","","0.0","","0.0","","0.0","","","","","M","","M"
"-84.51","46.49","SAULT STE MARIE A","6057591","2024-09-20","2024","09","20","","24.0","","14.3","","19.2","","0.0","","1.2","","0.9","","0.0","","0.9","","","","10","","39",""
"-84.51","46.49","SAULT STE MARIE A","6057591","2024-09-21","2024","09","21","","25.6","","12.1","","18.9","","0.0","","0.9","","0.0","","0.0","","0.0","","","","","M","","M"
"-84.51","46.49","SAULT STE MARIE A","6057591","2024-09-22","2024","09","22","","19.4","","11.3","","15.4","","2.6","","0.0","","18.5","","0.0","","18.5","","","","31","","46",""
"-84.51","46.49","SAULT STE MARIE A","6057591","2024-09-23","2024","09","23","","16.9","","5.5","","11.2","","6.8","","0.0","","0.0","","0.0","","0.0","","","","","M","","M"
"-84.51","46.49","SAULT STE MARIE A","6057591","2024-09-24","2024","09","24","","16.6","","7.7","","12.2","","5.8","","0.0","","1.0","","0.0","","1.0","","","","","M","","M"
"-84.51","46.49","SAULT STE MARIE A","6057591","2024-09-25","2024","09","25","","19.3","","12.6","","16.0","","2.0","","0.0","","7.5","","0.0","","7.5","","","","31","","42",""
"-84.51","46.49","SAULT STE MARIE A","6057591","2024-09-26","2024","09","26","","24.7","","6.4","","15.6","","2.4","","0.0","","0.0","","0.0","","0.0","","","","","M","","M"
"-84.51","46.49","SAULT STE MARIE A","6057591","2024-09-27","2024","09","27","","26.0","","7.6","","16.8","","1.2","","0.0","","0.0","","0.0","","0.0","","","","","M","","M"
"-84.51","46.49","SAULT STE MARIE A","6057591","2024-09-28","2024","09","28","","24.1","","8.2","","16.2","","1.8","","0.0","","0.0","","0.0","","0.0","","","","","M","","M"
"-84.51","46.49","SAULT STE MARIE A","6057591","2024-09-29","2024","09","29","","23.8","","8.1","","16.0","","2.0","","0.0","","0.0","","0.0","","0.0","","","","26","","33",""
"-84.51","46.49","SAULT STE MARIE A","6057591","2024-09-30","2024","09","30","","23.4","","7.1","","15.3","","2.7","","0.0","","0.0","","0.0","","0.0","","","","","M","","M"
"-84.51","46.49","SAULT STE MARIE A","6057591","2024-10-01","2024","10","01","","16.9","","4.6","","10.8","","7.2","","0.0","","2.9","","0.0","","2.9","","","","31","","53",""
"-84.51","46.49","SAULT STE MARIE A","6057591","2024-10-02","2024","10","02","","17.6","","1.7","","9.7","","8.3","","0.0","","0.0","","0.0","","0.0","","","","19","","39",""
"-84.51","46.49","SAULT STE MARIE A","6057591","2024-10-03","2024","10","03","","19.1","","12.9","","16.0","","2.0","","0.0","","0.0","","0.0","","0.0","","","","27","","37",""
"-84.51","46.49","SAULT STE MARIE A","6057591","2024-10-04","2024","10","04","","17.1","","1.9","","9.5","","8.5","","0.0","","0.0","","0.0","","0.0","","","","31","","42",""
"-84.51","46.49","SAULT STE MARIE A","6057591","2024-10-05","2024","10","05","","20.0","","1.2","","10.6","","7.4","","0.0","","4.1","","0.0","","4.1","","","","12","","42",""
"-84.51","46.49","SAULT STE MARIE A","6057591","2024-10-06","2024","10","06","","16.2","","8.8","","12.5","","5.5","","0.0","","1.6","","0.0","","1.6","","","","30","","64",""
"-84.51","46.49","SAULT STE MARIE A","6057591","2024-10-07","2024","10","07","","13.6","","9.2","","11.4","","6.6","","0.0","","0.2","","0.0","","0.2","","","","31","","60",""
"-84.51","46.49","SAULT STE MARIE A","6057591","2024-10-08","2024","10","08","","12.8","","3.5","","8.2","","9.8","","0.0","","0.0","T","0.0","","0.0","T","","","30","","49",""
"-84.51","46.49","SAULT STE MARIE A","6057591","2024-10-09","2024","10","09","","12.2","","0.2","","6.2","","11.8","","0.0","","0.0","T","0.0","","0.0","T","","","32","","43",""
"-84.51","46.49","SAULT STE MARIE A","6057591","2024-10-10","2024","10","10","","16.2","","-2.4","","6.9","","11.1","","0.0","","0.0","","0.0","","0.0","","","","","M","","M"
"-84.51","46.49","SAULT STE MARIE A","6057591","2024-10-11","2024","10","11","","22.6","","3.8","","13.2","","4.8","","0.0","","0.0","","0.0","","0.0","","","","30","","63",""
"-84.51","46.49","SAULT STE MARIE A","6057591","2024-10-12","2024","10","12","","12.3","","-1.4","","5.5","","12.5","","0.0","","0.0","","0.0","","0.0","","","","","M","","M"
"-84.51","46.49","SAULT STE MARIE A","6057591","2024-10-13","2024","10","13","","14.5","","2.2","","8.4","","9.6","","0.0","","0.0","","0.0","","0.0","","","","7","","37",""
"-84.51","46.49","SAULT STE MARIE A","6057591","2024-10-14","2024","10","14","","9.8","","-1.5","","4.2","","13.8","","0.0","","0.0","","0.0","","0.0","","","","6","","42",""
"-84.51","46.49","SAULT STE MARIE A","6057591","2024-10-15","2024","10","15","","10.1","","-3.4","","3.4","","14.6","","0.0","","0.0","T","0.0","","0.0","T","","","32","","49",""
"-84.51","46.49","SAULT STE MARIE A","6057591","2024-10-16","2024","10","16","","11.2","","-4.4","","3.4","","14.6","","0.0","","0.0","","0.0","","0.0","","","","31","","38",""
"-84.51","46.49","SAULT STE MARIE A","6057591","2024-10-17","2024","10","17","","16.8","","-4.2","","6.3","","11.7","","0.0","","0.0","","0.0","","0.0","","","","20","","32",""
"-84.51","46.49","SAULT STE MARIE A","6057591","2024-10-18","2024","10","18","","19.5","","0.4","","10.0","","8.0","","0.0","","0.0","","0.0","","0.0","","","","19","","33",""
"-84.51","46.49","SAULT STE MARIE A","6057591","2024-10-19","2024","10","19","","20.1","","1.1","","10.6","","7.4","","0.0","","0.4","","0.0","","0.4","","","","21","","37",""
"-84.51","46.49","SAULT STE MARIE A","6057591","2024-10-20","2024","10","20","","21.8","","6.3","","14.1","","3.9","","0.0","","0.0","","0.0","","0.0","","","","21","","37",""
"-84.51","46.49","SAULT STE MARIE A","6057591","2024-10-21","2024","10","21","","22.4","","4.0","","13.2","","4.8","","0.0","","0.0","","0.0","","0.0","","","","","M","","M"
"-84.51","46.49","SAULT STE MARIE A","6057591","2024-10-22","2024","10","22","","22.3","","9.1","","15.7","","2.3","","0.0","","0.0","","0.0","","0.0","","","","21","","40",""
"-84.51","46.49","SAULT STE MARIE A","6057591","2024-10-23","2024","10","23","","16.4","","4.7","","10.6","","7.4","","0.0","","1.3","","0.0","","1.3","","","","31","","65",""
"-84.51","46.49","SAULT STE MARIE A","6057591","2024-10-24","2024","10","24","","15.3","","-1.4","","7.0","","11.0","","0.0","","0.0","T","0.0","","0.0","T","","","22","","35",""
"-84.51","46.49","SAULT STE MARIE A","6057591","2024-10-25","2024","10","25","","12.1","","6.1","","9.1","","8.9","","0.0","","4.1","","0.0","","4.1","","","","32","","60",""
"-84.51","46.49","SAULT STE MARIE A","6057591","2024-10-26","2024","10","26","","9.5","","4.9","","7.2","","10.8","","0.0","","4.1","","0.0","","4.1","","","","29","","64",""
"-84.51","46.49","SAULT STE MARIE A","6057591","2024-10-27","2024","10","27","","10.8","","2.3","","6.6","","11.4","","0.0","","0.0","","0.0","","0.0","","","","7","","40",""
"-84.51","46.49","SAULT STE MARIE A","6057591","2024-10-28","2024","10","28","","13.4","","2.0","","7.7","","10.3","","0.0","","0.0","","0.0","","0.0","","","","10","","37",""
"-84.51","46.49","SAULT STE MARIE A","6057591","2024-10-29","2024","10","29","","16.1","","9.2","","12.7","","5.3","","0.0","","0.6","","0.0","","0.6","","","","11","","34",""
"-84.51","46.49","SAULT STE MARIE A","6057591","2024-10-30","2024","10","30","","20.9","","10.7","","15.8","","2.2","","0.0","","12.0","","0.0","","12.0","","","","19","","55",""
"-84.51","46.49","SAULT STE MARIE A","6057591","2024-10-31","2024","10","31","","10.8","","5.0","","7.9","","10.1","","0.0","","21.5","","0.0","","21.5","","","","8","","42",""
"-84.51","46.49","SAULT STE MARIE A","6057591","2024-11-01","2024","11","01","","8.6","","-3.6","","2.5","","15.5","","0.0","","1.1","","0.0","T","1.1","","","","35","","48",""
"-84.51","46.49","SAULT STE MARIE A","6057591","2024-11-02","2024","11","02","","8.1","","-6.0","","1.1","","16.9","","0.0","","0.0","","0.0","","0.0","","","","14","","33",""
"-84.51","46.49","SAULT STE MARIE A","6057591","2024-11-03","2024","11","03","","9.7","","2.8","","6.3","","11.7","","0.0","","16.8","","0.0","","16.8","","","","13","","45",""
"-84.51","46.49","SAULT STE MARIE A","6057591","2024-11-04","2024","11","04","","15.6","","7.6","","11.6","","6.4","","0.0","","18.9","","0.0","","18.9","","","","11","","40",""
"-84.51","46.49","SAULT STE MARIE A","6057591","2024-11-05","2024","11","05","","15.4","","10.2","","12.8","","5.2","","0.0","","30.2","","0.0","","30.2","","","","22","","35",""
"-84.51","46.49","SAULT STE MARIE A","6057591","2024-11-06","2024","11","06","","11.0","","3.2","","7.1","","10.9","","0.0","","0.0","T","0.0","","0.0","T","","","28","","39",""
"-84.51","46.49","SAULT STE MARIE A","6057591","2024-11-07","2024","11","07","","10.8","","5.1","","8.0","","10.0","","0.0","","0.0","","0.0","","0.0","","","","26","","45",""
"-84.51","46.49","SAULT STE MARIE A","6057591","2024-11-08","2024","11","08","","10.8","","-4.6","","3.1","","14.9","","0.0","","0.0","T","0.0","","0.0","T","","","31","","60",""
"-84.51","46.49","SAULT STE MARIE A","6057591","2024-11-09","2024","11","09","","10.2","","-6.1","","2.1","","15.9","","0.0","","0.0","","0.0","","0.0","","","","","M","","M"
"-84.51","46.49","SAULT STE MARIE A","6057591","2024-11-10","2024","11","10","","9.4","","2.8","","6.1","","11.9","","0.0","","5.1","","0.0","","5.1","","","","26","","34",""
"-84.51","46.49","SAULT STE MARIE A","6057591","2024-11-11","2024","11","11","","8.8","","-3.2","","2.8","","15.2","","0.0","","2.4","","0.0","","2.4","","","","29","","73",""
"-84.51","46.49","SAULT STE MARIE A","6057591","2024-11-12","2024","11","12","","7.2","","-6.0","","0.6","","17.4","","0.0","","0.0","","0.0","","0.0","","","","","M","","M"
"-84.51","46.49","SAULT STE MARIE A","6057591","2024-11-13","2024","11","13","","9.4","","-1.9","","3.8","","14.2","","0.0","","0.0","","0.0","","0.0","","","","13","","47",""
"-84.51","46.49","SAULT STE MARIE A","6057591","2024-11-14","2024","11","14","","7.9","","4.8","","6.4","","11.6","","0.0","","2.4","","0.0","","2.4","","","","7","","35",""
"-84.51","46.49","SAULT STE MARIE A","6057591","2024-11-15","2024","11","15","","8.3","","-2.6","","2.9","","15.1","","0.0","","0.0","","0.0","","0.0","","","","","M","","M"
"-84.51","46.49","SAULT STE MARIE A","6057591","2024-11-16","2024","11","16","","10.7","","1.0","","5.9","","12.1","","0.0","","0.0","","0.0","","0.0","","","","","M","","M"
"-84.51","46.49","SAULT STE MARIE A","6057591","2024-11-17","2024","11","17","","11.0","","5.7","","8.4","","9.6","","0.0","","0.0","T","0.0","","0.0","T","","","24","","39",""
"-84.51","46.49","SAULT STE MARIE A","6057591","2024-11-18","2024","11","18","","10.2","","-0.5","","4.9","","13.1","","0.0","","0.0","","0.0","","0.0","","","","27","","36",""
"-84.51","46.49","SAULT STE MARIE A","6057591","2024-11-19","2024","11","19","","7.8","","5.1","","6.5","","11.5","","0.0","","5.6","","0.0","T","5.6","","","","10","","60",""
"-84.51","46.49","SAULT STE MARIE A","6057591","2024-11-20","2024","11","20","","8.9","","6.0","","7.5","","10.5","","0.0","","16.8","","0.0","","16.8","","","","29","","33",""
"-84.51","46.49","SAULT STE MARIE A","6057591","2024-11-21","2024","11","21","","7.4","","1.0","","4.2","","13.8","","0.0","","6.7","","0.0","","6.7","","","","8","","32",""
"-84.51","46.49","SAULT STE MARIE A","6057591","2024-11-22","2024","11","22","","7.3","","4.4","","5.9","","12.1","","0.0","","0.0","T","0.0","","0.0","T","","","34","","45",""
"-84.51","46.49","SAULT STE MARIE A","6057591","2024-11-23","2024","11","23","","5.1","","1.0","","3.1","","14.9","","0.0","","1.7","","0.0","T","1.7","","0","T","31","","53",""
"-84.51","46.49","SAULT STE MARIE A","6057591","2024-11-24","2024","11","24","","2.8","","-5.5","","-1.4","","19.4","","0.0","","0.0","","0.0","T","0.0","T","0","T","33","","36",""
"-84.51","46.49","SAULT STE MARIE A","6057591","2024-11-25","2024","11","25","","0.1","","-3.1","","-1.5","","19.5","","0.0","","0.0","","17.2","","14.6","","17","E","6","","33",""
"-84.51","46.49","SAULT STE MARIE A","6057591","2024-11-26","2024","11","26","","2.5","","-2.2","","0.2","","17.8","","0.0","","0.2","","5.2","","5.2","","19","","28","","52",""
"-84.51","46.49","SAULT STE MARIE A","6057591","2024-11-27","2024","11","27","","1.0","","-2.6","","-0.8","","18.8","","0.0","","0.0","","2.0","","2.0","","11","","28","","48",""
"-84.51","46.49","SAULT STE MARIE A","6057591","2024-11-28","2024","11","28","","0.4","","-2.9","","-1.3","","19.3","","0.0","","0.0","","15.4","","12.3","","13","","29","","51",""
"-84.51","46.49","SAULT STE MARIE A","6057591","2024-11-29","2024","11","29","","0.4","","-2.9","","-1.3","","19.3","","0.0","","0.0","","24.4","","24.2","","25","","29","","66",""
"-84.51","46.49","SAULT STE MARIE A","6057591","2024-11-30","2024","11","30","","0.0","","-5.3","","-2.7","","20.7","","0.0","","0.0","","9.6","","9.2","","39","","28","","52",""
"-84.51","46.49","SAULT STE MARIE A","6057591","2024-12-01","2024","12","01","","-1.3","","-11.8","","-6.6","","24.6","","0.0","","0.0","","2.4","","1.4","","40","","","M","","M"
"-84.51","46.49","SAULT STE MARIE A","6057591","2024-12-02","2024","12","02","","-0.6","","-13.8","","-7.2","","25.2","","0.0","","0.0","","0.0","T","0.0","T","42","","","M","","M"
"-84.51","46.49","SAULT STE MARIE A","6057591","2024-12-03","2024","12","03","","-1.7","","-9.2","","-5.5","","23.5","","0.0","","2.2","","3.6","","5.2","","43","","26","","38",""
"-84.51","46.49","SAULT STE MARIE A","6057591","2024-12-04","2024","12","04","","-0.2","","-4.5","","-2.4","","20.4","","0.0","","0.0","","17.8","","12.6","","48","","31","","62",""
"-84.51","46.49","SAULT STE MARIE A","6057591","2024-12-05","2024","12","05","","-2.9","","-9.9","","-6.4","","24.4","","0.0","","0.0","","8.0","","4.1","","56","","33","","62",""
"-84.51","46.49","SAULT STE MARIE A","6057591","2024-12-06","2024","12","06","","-1.9","","-7.2","","-4.6","","22.6","","0.0","","0.0","","2.8","","1.4","","59","","24","","54",""
"-84.51","46.49","SAULT STE MARIE A","6057591","2024-12-07","2024","12","07","","3.5","","-6.1","","-1.3","","19.3","","0.0","","0.0","","18.6","","18.6","","59","","32","","58",""
"-84.51","46.49","SAULT STE MARIE A","6057591","2024-12-08","2024","12","08","","3.2","","-3.7","","-0.3","","18.3","","0.0","","0.0","","1.8","","1.6","","55","","31","","63",""
"-84.51","46.49","SAULT STE MARIE A","6057591","2024-12-09","2024","12","09","","2.0","","-4.5","","-1.3","","19.3","","0.0","","0.9","","4.4","","5.3","","48","","9","","55",""
"-84.51","46.49","SAULT STE MARIE A","6057591","2024-12-10","2024","12","10","","2.8","","-2.2","","0.3","","17.7","","0.0","","0.0","","0.2","","0.0","T","46","","31","","40",""
"-84.51","46.49","SAULT STE MARIE A","6057591","2024-12-11","2024","12","11","","-2.2","","-6.9","","-4.6","","22.6","","0.0","","0.0","","9.3","","8.1","","44","","","M","","M"
"-84.51","46.49","SAULT STE MARIE A","6057591","2024-12-12","2024","12","12","","-6.6","","-12.3","","-9.5","","27.5","","0.0","","0.0","","12.2","","6.0","","52","","28","","75",""
"-84.51","46.49","SAULT STE MARIE A","6057591","2024-12-13","2024","12","13","","-3.6","","-15.8","","-9.7","","27.7","","0.0","","0.0","","2.4","","1.5","","58","","26","","50",""
"-84.51","46.49","SAULT STE MARIE A","6057591","2024-12-14","2024","12","14","","0.2","","-17.4","","-8.6","","26.6","","0.0","","0.0","","0.0","","0.0","","58","","12","","38",""
"-84.51","46.49","SAULT STE MARIE A","6057591","2024-12-15","2024","12","15","","2.6","","0.2","","1.4","","16.6","","0.0","","0.0","T","0.0","","0.0","T","57","","9","","40",""
"-84.51","46.49","SAULT STE MARIE A","6057591","2024-12-16","2024","12","16","","4.3","","2.3","","3.3","","14.7","","0.0","","0.0","T","0.0","","0.0","T","43","","25","","35",""
"-84.51","46.49","SAULT STE MARIE A","6057591","2024-12-17","2024","12","17","","2.4","","-0.8","","0.8","","17.2","","0.0","","0.0","","4.4","","4.4","","22","","27","","54",""
"-84.51","46.49","SAULT STE MARIE A","6057591","2024-12-18","2024","12","18","","-0.2","","-10.4","","-5.3","","23.3","","0.0","","0.0","","2.4","","2.4","","25","","31","","62",""
"-84.51","46.49","SAULT STE MARIE A","6057591","2024-12-19","2024","12","19","","-7.8","","-12.4","","-10.1","","28.1","","0.0","","0.0","","0.4","","0.2","","25","","","M","","M"
"-84.51","46.49","SAULT STE MARIE A","6057591","2024-12-20","2024","12","20","","-4.6","","-13.2","","-8.9","","26.9","","0.0","","0.0","","5.2","","3.0","","26","","33","","39",""
"-84.51","46.49","SAULT STE MARIE A","6057591","2024-12-21","2024","12","21","","-12.5","","-22.4","","-17.5","","35.5","","0.0","","0.0","","0.0","T","0.0","T","28","","","M","","M"
"-84.51","46.49","SAULT STE MARIE A","6057591","2024-12-22","2024","12","22","","-3.5","","-22.3","","-12.9","","30.9","","0.0","","0.0","","0.2","","0.2","","27","","","M","","M"
"-84.51","46.49","SAULT STE MARIE A","6057591","2024-12-23","2024","12","23","","0.6","","-3.5","","-1.5","","19.5","","0.0","","0.0","","14.6","","13.6","","30","","","M","","M"
"-84.51","46.49","SAULT STE MARIE A","6057591","2024-12-24","2024","12","24","","-1.7","","-6.7","","-4.2","","22.2","","0.0","","0.0","","0.0","T","0.0","T","38","","","M","","M"
"-84.51","46.49","SAULT STE MARIE A","6057591","2024-12-25","2024","12","25","","0.6","","-4.7","","-2.1","","20.1","","0.0","","0.0","","0.0","","0.0","","38","","","M","","M"
"-84.51","46.49","SAULT STE MARIE A","6057591","2024-12-26","2024","12","26","","1.6","","-2.6","","-0.5","","18.5","","0.0","","0.0","T","0.0","","0.0","T","37","","","M","","M"
"-84.51","46.49","SAULT STE MARIE A","6057591","2024-12-27","2024","12","27","","2.8","","1.4","","2.1","","15.9","","0.0","","4.3","","0.0","","4.3","","33","","12","","43",""
"-84.51","46.49","SAULT STE MARIE A","6057591","2024-12-28","2024","12","28","","5.9","","1.7","","3.8","","14.2","","0.0","","3.1","","0.0","","3.1","","20","","18","","41",""
"-84.51","46.49","SAULT STE MARIE A","6057591","2024-12-29","2024","12","29","","3.5","","0.9","","2.2","","15.8","","0.0","","2.1","","0.0","","2.1","","16","","","M","","M"
"-84.51","46.49","SAULT STE MARIE A","6057591","2024-12-30","2024","12","30","","3.1","","1.4","","2.3","","15.7","","0.0","","1.0","","0.8","","1.8","","12","","29","","54",""
"-84.51","46.49","SAULT STE MARIE A","6057591","2024-12-31","2024","12","31","","2.1","","-0.5","","0.8","","17.2","","0.0","","0.0","","0.6","","0.6","","11","","29","","39",""
